Player_ID,Position
203507,Forward
201142,Forward
203999,Center
1629029,Forward-Guard
1628369,Forward-Guard
1628983,Guard
201939,Guard
2544,Forward
203954,Center-Forward
1628973,Guard
203081,Guard
1629027,Guard
1630178,Guard
203076,Forward-Center
1630169,Guard
1630217,Guard
1627742,Forward
1628398,Forward
1630595,Guard
1630162,Guard
202331,Forward
1628969,Guard-Forward
203944,Forward-Center
1628368,Guard
1627759,Guard-Forward
1626157,Center-Forward
203924,Forward
1630532,Forward
202695,Forward
1629627,Forward
201942,Guard-Forward
1628378,Guard
1627783,Forward
1630567,Forward-Guard
1631094,Forward
1627749,Guard
203897,Guard
1628991,Forward-Center
1630163,Guard
1626156,Guard
1629008,Forward
1627734,Forward-Center
202710,Forward
1630578,Center
1628389,Center-Forward
1628374,Forward-Center
202681,Guard
1641705,Forward-Center
202699,Forward
1631101,Guard
1631096,Center-Forward
1626164,Guard
202696,Center
1630224,Guard
1630596,Center
203471,Guard
1626167,Center-Forward
1629632,Guard
202685,Center
1629673,Guard
1630559,Guard
1630175,Guard
203903,Guard
203992,Guard
1630193,Guard
202691,Guard
1629640,Forward-Guard
1629636,Guard
1628381,Forward-Center
1629622,Guard-Forward
202704,Guard
203501,Guard-Forward
204001,Forward-Center
1629628,Forward-Guard
1631114,Guard-Forward
1628370,Guard
201572,Center
1629631,Forward-Guard
201569,Guard
1641722,Guard
203915,Guard
1629130,Forward
1627832,Guard
1628380,Forward-Center
1630560,Guard
1629021,Forward-Center
1627741,Guard
1630170,Guard-Forward
1627763,Guard
1627736,Guard
203497,Center
1629012,Guard
1631097,Guard-Forward
1629022,Guard-Forward
1628401,Guard
1630167,Forward
203994,Center
1629023,Forward
1629001,Guard
1630591,Guard
1628971,Guard-Forward
1626171,Forward
1631170,Guard
1629675,Center-Forward
1627747,Guard
202330,Forward
1631109,Center
1630529,Forward
203484,Guard
1630180,Guard-Forward
1628960,Guard
1629028,Center
1630166,Forward
1628989,Guard-Forward
1628384,Forward-Guard
203952,Forward
1641706,Forward
1630581,Guard
201566,Guard
203932,Forward
1627751,Center
1626181,Guard
1631095,Forward
1628415,Guard-Forward
203084,Forward
1627826,Center
1630191,Forward-Center
1631110,Forward
201935,Guard
201950,Guard
1641709,Guard-Forward
203967,Forward-Center
1630552,Forward
1641718,Guard
1630228,Forward
1628386,Center
1626145,Guard
203114,Forward
1626179,Guard
203991,Center
1630198,Guard
1630573,Forward
1627827,Forward
201144,Guard
1630557,Forward
1629652,Guard
1631099,Forward
1630174,Guard-Forward
1631128,Guard
1627884,Forward
1629018,Guard
1629684,Forward
1628963,Forward
203468,Guard
1629659,Guard
1631093,Guard
1629639,Guard
1629661,Forward
1628978,Guard
1630165,Guard
1630583,Forward-Center
1626196,Guard
200768,Guard
1627936,Guard
1630541,Guard
1627752,Forward
1630172,Forward
1630168,Forward-Center
1629655,Forward-Center
1627777,Forward
1628404,Guard
1631204,Guard
1628970,Forward
101108,Guard
1631223,Forward
1631105,Center
1626224,Forward
1631103,Forward
1630700,Guard
1641731,Guard
1629060,Forward
1630533,Forward
1626174,Forward
1626220,Forward
1641726,Center
203482,Forward-Center
1626166,Guard
1641717,Guard
202692,Guard
1630188,Forward-Center
1629006,Guard
203937,Forward-Guard
203935,Guard
201568,Forward
1629234,Forward-Center
1631133,Forward
201143,Center-Forward
1630692,Guard
1627750,Guard
1626162,Forward-Guard
1631323,Forward
1629651,Center
1629638,Guard
1629629,Forward-Guard
1630200,Guard
1628449,Forward
1629013,Guard
1630549,Center
1630182,Guard
1630202,Guard
1630245,Guard
203083,Center
203110,Forward
1630346,Forward
1629048,Center-Forward
1629011,Center-Forward
1641739,Forward
1631117,Center
203914,Guard
1629680,Guard-Forward
1628975,Guard
1626172,Forward
1630230,Forward
1630534,Guard
1628470,Forward
1629614,Guard-Forward
201567,Forward-Center
1630219,Guard
203926,Forward
1628392,Center-Forward
1630201,Guard
1629003,Guard-Forward
1630183,Forward
1629656,Guard
1628966,Forward
1626192,Guard
1630194,Forward
203496,Forward
1641764,Guard
1630173,Forward
201145,Forward
1630538,Guard
1628997,Forward
1630702,Guard
204060,Forward-Guard
201565,Guard
1629312,Forward
1630208,Center
1628988,Guard
1628371,Forward
204456,Guard
202687,Center
1631124,Guard
1628426,Forward
1641854,Guard
1630256,Forward
1630699,Forward
1630703,Guard
201580,Center-Forward
1630570,Forward
201976,Guard
1631212,Guard
1641710,Guard
1631108,Guard
1629611,Guard-Forward
1627780,Guard
1629642,Forward-Guard
1630171,Forward-Guard
1630577,Forward
1630537,Guard
1630598,Guard
1641871,Center
203957,Guard
201587,Guard-Forward
1629139,Guard-Forward
1630649,Guard
1628372,Guard
203939,Forward-Center
203109,Forward
1630558,Guard
1628972,Guard-Forward
1630214,Forward
1628464,Forward-Center
1630192,Forward-Center
1631106,Forward
1628379,Guard
1628436,Center-Forward
1628418,Center-Forward
1630209,Center
1630550,Forward
1629646,Center-Forward
1630647,Forward
1631119,Forward
1631121,Guard
203552,Guard
202694,Forward
1641711,Guard-Forward
1629637,Center-Forward
1630631,Guard
203200,Forward-Guard
1628365,Guard
1631367,Guard
1630543,Forward
1630164,Center
1630177,Guard
1628995,Forward
203078,Guard
1629026,Guard-Forward
1631246,Guard
1626204,Forward-Center
1627739,Guard
1628976,Center-Forward
1626168,Forward
1629723,Guard
1631098,Guard
1631115,Center
1630587,Forward
202397,Guard
1629057,Center-Forward
1631260,Guard
1629731,Forward-Center
1626153,Guard
1627732,Guard-Forward
1630696,Guard
1631165,Guard
1631218,Forward
1627863,Forward-Guard
1630526,Forward
1630184,Guard
1631216,Guard
201599,Center
1631172,Forward
1630531,Guard
1629670,Forward
1628964,Center
202684,Center-Forward
1641748,Guard
1631254,Forward
1630530,Forward
1630625,Forward
202722,Forward
1629667,Forward
1641733,Guard
1631157,Guard
203469,Forward-Center
1627788,Guard-Forward
1629669,Guard
1631100,Forward
1630264,Forward
203486,Forward-Center
1641732,Guard
1626158,Forward
1629002,Forward-Center
203490,Forward
1631217,Forward
203995,Guard
1641708,Guard-Forward
1641767,Guard
1629618,Guard
1629216,Guard
1629111,Center
203925,Guard-Forward
1630540,Guard
1630241,Guard
1630544,Guard
1630322,Forward
203488,Forward-Center
202711,Forward
1629677,Forward
202083,Guard
1641715,Forward
1631221,Guard
202709,Guard
1631288,Forward
1630215,Guard
1630231,Forward
1641738,Forward
200782,Forward
1630572,Forward-Center
1629014,Guard
1631200,Forward
1629717,Guard
1631222,Forward
1641716,Forward
1630556,Forward
1628467,Forward
1641765,Forward
1631306,Forward
1629004,Guard-Forward
203458,Center
1631220,Guard
1631169,Forward
1631107,Forward
1629052,Forward-Guard
1630639,Guard
1641720,Guard
1631197,Guard
1630568,Center
1631466,Guard
1629599,Guard-Forward
1641734,Forward
1629726,Guard
1628385,Forward-Center
1629674,Center
1630846,Center
203493,Guard-Forward
1629643,Forward
202066,Guard-Forward
1626246,Center
1631123,Guard
1641793,Guard
1627745,Center
1630205,Forward
1630207,Guard-Forward
1630227,Guard
1628984,Guard
1631230,Forward
202693,Forward
203648,Forward
1631104,Guard
1628981,Forward-Center
1629610,Guard-Forward
1631207,Forward
1630259,Guard
1641763,Forward
1631303,Forward
1630197,Forward
1630658,Center
1631257,Forward
1629650,Center
1630240,Guard
1641707,Forward
1629678,Forward
1641753,Forward
1630547,Guard
1630579,Center
1629162,Guard
1641757,Guard
1641778,Forward
1631311,Guard
1641712,Guard-Forward
1641788,Forward
1641926,Guard
1630604,Forward
1630611,Forward
1641771,Forward
201152,Forward
1630235,Guard
1629660,Guard-Forward
1630296,Forward
1629685,Guard-Forward
1630196,Center
201988,Guard
1631102,Guard
1641735,Guard
1629626,Center-Forward
203095,Guard-Forward
1641816,Forward
1630600,Forward
1630643,Center
1641724,Guard
1631159,Forward
1641806,Guard
201577,Center
1627885,Guard
1630678,Forward
1628962,Center-Forward
1641727,Forward
1629020,Forward
1641723,Guard
1641729,Forward
1629718,Guard
201980,Guard
1641713,Forward
1630688,Forward
1631210,Forward
1630592,Forward
1629010,Guard
1629232,Forward
1641749,Forward
1629623,Guard
1630608,Guard
1629716,Center
1641721,Forward
1631243,Forward
1641730,Forward
1641931,Forward
1631116,Forward
1630181,Guard
1631199,Guard-Forward
1627853,Guard
1631321,Guard
1631111,Guard
